name,family,genus,species,rank,reference,publication,publicationYear,distribution,id,bhlLink,remarks,url,citationType,source,doi
Androstylanthus paraensis,Moraceae,Androstylanthus,paraensis,spec.,Arch. Jard. Bot. Rio de Janeiro 3: 263. 1922 ,Arch. Jard. Bot. Rio de Janeiro,1922,Brazil (Southern America),13190-2,NA,NA,www.ipni.org/n/13190-2,tax_nov,IPNI,NA
Anonocarpus amazonicus,Moraceae,Anonocarpus,amazonicus,spec.,Arch. Jard. Bot. Rio de Janeiro 3: 39. 1922 ,Arch. Jard. Bot. Rio de Janeiro,1922,"Obidos, Pará (Brazil, Southern America)",14485-2,NA,"The LT. information is from Berg, Fl. Ecuador 60: 23. 1998.",www.ipni.org/n/14485-2,tax_nov,IPNI,NA
Batocarpus maranhensis,Moraceae,Batocarpus,maranhensis,spec.,"Bol. Mus. Nac. Rio de Janeiro, Bot. 37: 9. 1968 ","Bol. Mus. Nac. Rio de Janeiro, Bot.",1968,"Maranhao (Brazil, Southern America)",29954-2,NA,NA,www.ipni.org/n/29954-2,tax_nov,IPNI,NA
Brosimopsis amplifolia,Moraceae,Brosimopsis,amplifolia,spec.,Arch. Jard. Bot. Rio de Janeiro 4: 3. 1925 ,Arch. Jard. Bot. Rio de Janeiro,1925,Brazil (Southern America),37249-2,NA,NA,www.ipni.org/n/37249-2,tax_nov,IPNI,NA
Brosimopsis diandra,Moraceae,Brosimopsis,diandra,spec.,Proc. Biol. Soc. Washington 35: 180. 1922 ,Proc. Biol. Soc. Washington,1922,Brazil (Southern America),37250-2,http://www.biodiversitylibrary.org/openurl?ctx_ver=Z39.88-2004&rft.date=1922&rft.spage=180&rft.volume=35&rft_id=http://www.biodiversitylibrary.org/bibliography/3622&rft_val_fmt=info:ofi/fmt:kev:mtx:book&url_ver=z39.88-2004,NA,www.ipni.org/n/37250-2,tax_nov,IPNI,NA
Brosimopsis lactescens,Moraceae,Brosimopsis,lactescens,spec.,"Trans. Linn. Soc. London, Bot. ser. 2, 4: 473. 1895 ","Trans. Linn. Soc. London, Bot.",1895,"Santa Cruz (= Barra do Bugres?), Mato Grosso (Brazil, Southern America)",37251-2,NA,"The LT. information is from Berg, Fl. Neotrop. Monogr. 7: 177. 1972.",www.ipni.org/n/37251-2,tax_nov,IPNI,NA
Brosimopsis oblongifolia,Moraceae,Brosimopsis,oblongifolia,spec.,Arch. Jard. Bot. Rio de Janeiro 3: 31. 1922 ,Arch. Jard. Bot. Rio de Janeiro,1922,"Rio Tapajos, near Periquira, Pará (Brazil, Southern America)",37252-2,NA,"The LT. information is from Berg, Fl. Neotrop. Monogr. 7: 177. 1972.",www.ipni.org/n/37252-2,tax_nov,IPNI,NA
Brosimopsis obovata,Moraceae,Brosimopsis,obovata,spec.,"Bull. Mus. Hist. Nat. (Paris) ser. 2, 4: 722. 1932 ",Bull. Mus. Hist. Nat. (Paris),1932,"Lower Rio Ica, between affluents of Rio Jacarapa and Rio Peruite, Amazonas (Brazil, Southern America)",37253-2,NA,"The LT. information is from Berg, Fl. Neotrop. Monogr. 7: 176. 1972.",www.ipni.org/n/37253-2,tax_nov,IPNI,NA
Brosimum acutifolium,Moraceae,Brosimum,acutifolium,spec.,Bol. Mus. Goeldi Hist. Nat. Ethnogr. 6: 66. 1910 ,Bol. Mus. Goeldi Hist. Nat. Ethnogr.,1910,Brazil (Southern America),37254-2,NA,NA,www.ipni.org/n/37254-2,tax_nov,IPNI,NA
Brosimum amplicoma,Moraceae,Brosimum,amplicoma,spec.,Trop. Woods 31: 10. 1932 ,Trop. Woods,1932,"Amazonas (Brazil, Southern America)",37260-2,NA,NA,www.ipni.org/n/37260-2,tax_nov,IPNI,NA
Brosimum angustifolium,Moraceae,Brosimum,angustifolium,spec.,Arch. Jard. Bot. Rio de Janeiro 3: 25. 1922 ,Arch. Jard. Bot. Rio de Janeiro,1922,Brazil (Southern America),37261-2,NA,An alternative name to Piratinera angustifolia Ducke (1922).,www.ipni.org/n/37261-2,tax_nov,IPNI,NA
Brosimum caniceps,Moraceae,Brosimum,caniceps,spec.,"Publ. Field Mus. Nat. Hist., Bot. Ser. 17: 156. 1937 ","Publ. Field Mus. Nat. Hist., Bot. Ser.",1937,"Acre (Brazil, Southern America)",37267-2,http://www.biodiversitylibrary.org/openurl?ctx_ver=Z39.88-2004&rft.date=1937&rft.spage=156&rft.volume=17&rft_id=http://www.biodiversitylibrary.org/bibliography/42246&rft_val_fmt=info:ofi/fmt:kev:mtx:book&url_ver=z39.88-2004,NA,www.ipni.org/n/37267-2,tax_nov,IPNI,NA
Brosimum discolor,Moraceae,Brosimum,discolor,spec.,"Syst. Veg., ed. 16 [Sprengel] 4(2, Cur. Post.): 403. 1827 [Jan-Jun 1827] ","Syst. Veg., ed. 16 [Sprengel]",1827,Brazil (Southern America),37271-2,NA,"The LT. information is from Berg, Fl. Neotrop. Monogr. 7: 181. 1972.",www.ipni.org/n/37271-2,tax_nov,IPNI,NA
Brosimum foetidum,Moraceae,Brosimum,foetidum,spec.,Bol. Tecn. Inst. Agron. N. no. 4: 1. 1945 ,Bol. Tecn. Inst. Agron. N.,1945,"Amazonas (Brazil, Southern America)",37274-2,NA,NA,www.ipni.org/n/37274-2,tax_nov,IPNI,NA
Brosimum gaudichaudii,Moraceae,Brosimum,gaudichaudii,spec.,"Ann. Sci. Nat., Bot. sér. 3, 8: 140. 1847 ","Ann. Sci. Nat., Bot.",1847,"Near Rio Gurgueia, Piaui (Brazil, Southern America)",37275-2,NA,"The LT. information is from Berg, Fl. Neotrop. Monogr. 7: 184, 186. 1972.",www.ipni.org/n/37275-2,tax_nov,IPNI,NA
Brosimum glaucifolium,Moraceae,Brosimum,glaucifolium,spec.,Arch. Jard. Bot. Rio de Janeiro 3: 29. 1922 ,Arch. Jard. Bot. Rio de Janeiro,1922,Brazil (Southern America),37281-2,NA,An alternative name to Piratinera glaucifolia Ducke (1922).,www.ipni.org/n/37281-2,tax_nov,IPNI,NA
Brosimum glaucum,Moraceae,Brosimum,glaucum,spec.,"Bot. Jahrb. Syst. 12(1-2, Beibl. 27): 4. 1890 ; 15(Beibl. 34): 16. 1892.",Bot. Jahrb. Syst.,1890,Brazil (Southern America),37282-2,NA,NA,www.ipni.org/n/37282-2,tax_nov,IPNI,NA
Brosimum glaziovii,Moraceae,Brosimum,glaziovii,spec.,"Bot. Jahrb. Syst. 12(1-2, Beibl. 27): 3. 1890 ; 15(Beibl. 34): 16. 1892.",Bot. Jahrb. Syst.,1890,"Between Palmeiras and Macaco., Rio de Janeiro (Brazil, Southern America)",37283-2,NA,"The LT. information is from Berg, Fl. Neotrop. Monogr. 7: 186, 188. 1972.",www.ipni.org/n/37283-2,tax_nov,IPNI,NA
Brosimum krukovii,Moraceae,Brosimum,krukovii,spec.,"Publ. Field Mus. Nat. Hist., Bot. Ser. 17: 157. 1937 ","Publ. Field Mus. Nat. Hist., Bot. Ser.",1937,"Amazonas (Brazil, Southern America)",37287-2,http://www.biodiversitylibrary.org/openurl?ctx_ver=Z39.88-2004&rft.date=1937&rft.spage=157&rft.volume=17&rft_id=http://www.biodiversitylibrary.org/bibliography/42246&rft_val_fmt=info:ofi/fmt:kev:mtx:book&url_ver=z39.88-2004,NA,www.ipni.org/n/37287-2,tax_nov,IPNI,NA
Brosimum lanciferum,Moraceae,Brosimum,lanciferum,spec.,"Arch. Jard. Bot. Rio de Janeiro 3: 24, pl. 2d. 1922 ",Arch. Jard. Bot. Rio de Janeiro,1922,"Rio Xingu, Pará (Brazil, Southern America)",37288-2,NA,"The LT. information is from Berg, Fl. Neotrop. Monogr. 7: 190. 1972.",www.ipni.org/n/37288-2,tax_nov,IPNI,NA
Brosimum lecointei,Moraceae,Brosimum,lecointei,spec.,Arch. Jard. Bot. Rio de Janeiro 3: 28. 1922 ,Arch. Jard. Bot. Rio de Janeiro,1922,"Oriximina, near Lower Rio Trombetas, Pará (Brazil, Southern America)",37290-2,NA,"The LT. information is from Berg, Fl. Neotrop. Monogr. 7: 181. 1972.",www.ipni.org/n/37290-2,tax_nov,IPNI,NA
Brosimum longifolium,Moraceae,Brosimum,longifolium,spec.,Arq. Serv. Florest. 1: 3. 1939 ,Arq. Serv. Florest.,1939,"Amazonas (Brazil, Southern America)",37291-2,NA,NA,www.ipni.org/n/37291-2,tax_nov,IPNI,NA
Brosimum longistipulatum,Moraceae,Brosimum,longistipulatum,spec.,Trop. Woods no. 90: 7. 1947 ,Trop. Woods,1947,"Amazonas (Brazil, Southern America)",37292-2,NA,NA,www.ipni.org/n/37292-2,tax_nov,IPNI,NA
Brosimum melanopotamicum,Moraceae,Brosimum,melanopotamicum,spec.,Acta Bot. Neerl. 19: 327. ,Acta Bot. Neerl.,NA,"Amazonas (Brazil, Southern America)",37293-2,NA,NA,www.ipni.org/n/37293-2,tax_nov,IPNI,NA
Brosimum mello-barretoi,Moraceae,Brosimum,mello-barretoi,spec.,"Publ. Field Mus. Nat. Hist., Bot. Ser. 22: 70. 1940 ","Publ. Field Mus. Nat. Hist., Bot. Ser.",1940,"Minas Gerais (Brazil, Southern America)",37294-2,http://www.biodiversitylibrary.org/openurl?ctx_ver=Z39.88-2004&rft.date=1940&rft.spage=70&rft.volume=22&rft_id=http://www.biodiversitylibrary.org/bibliography/42246&rft_val_fmt=info:ofi/fmt:kev:mtx:book&url_ver=z39.88-2004,NA,www.ipni.org/n/37294-2,tax_nov,IPNI,NA
Brosimum myristicoides,Moraceae,Brosimum,myristicoides,spec.,"Publ. Field Mus. Nat. Hist., Bot. Ser. 17: 157. 1937 ","Publ. Field Mus. Nat. Hist., Bot. Ser.",1937,"Amazonas (Brazil, Southern America)",37295-2,http://www.biodiversitylibrary.org/openurl?ctx_ver=Z39.88-2004&rft.date=1937&rft.spage=157&rft.volume=17&rft_id=http://www.biodiversitylibrary.org/bibliography/42246&rft_val_fmt=info:ofi/fmt:kev:mtx:book&url_ver=z39.88-2004,NA,www.ipni.org/n/37295-2,tax_nov,IPNI,NA
Brosimum ovatifolium,Moraceae,Brosimum,ovatifolium,spec.,Arch. Jard. Bot. Rio de Janeiro 3: 25. 1922 ,Arch. Jard. Bot. Rio de Janeiro,1922,Brazil (Southern America),37297-2,NA,NA,www.ipni.org/n/37297-2,tax_nov,IPNI,NA
Brosimum pallescens,Moraceae,Brosimum,pallescens,spec.,Arq. Serv. Florest. 1: 3. 1939 ,Arq. Serv. Florest.,1939,"Amazonas (Brazil, Southern America)",37298-2,NA,NA,www.ipni.org/n/37298-2,tax_nov,IPNI,NA
Brosimum palmarum,Moraceae,Brosimum,palmarum,spec.,"Publ. Field Mus. Nat. Hist., Bot. Ser. 17: 158. 1937 ","Publ. Field Mus. Nat. Hist., Bot. Ser.",1937,"Amazonas (Brazil, Southern America)",37299-2,http://www.biodiversitylibrary.org/openurl?ctx_ver=Z39.88-2004&rft.date=1937&rft.spage=158&rft.volume=17&rft_id=http://www.biodiversitylibrary.org/bibliography/42246&rft_val_fmt=info:ofi/fmt:kev:mtx:book&url_ver=z39.88-2004,NA,www.ipni.org/n/37299-2,tax_nov,IPNI,NA
Brosimum paraense,Moraceae,Brosimum,paraense,spec.,Bol. Mus. Goeldi Hist. Nat. Ethnogr. 6: 67. 1910 ,Bol. Mus. Goeldi Hist. Nat. Ethnogr.,1910,Brazil (Southern America),37301-2,NA,NA,www.ipni.org/n/37301-2,tax_nov,IPNI,NA
Brosimum parinarioides,Moraceae,Brosimum,parinarioides,spec.,Arch. Jard. Bot. Rio de Janeiro 3: 27. 1922 ,Arch. Jard. Bot. Rio de Janeiro,1922,"Obidos, Pará (Brazil, Southern America)",37302-2,NA,"The LT. information is from Berg, Fl. Neotrop. Monogr. 7: 206. 1972.",www.ipni.org/n/37302-2,tax_nov,IPNI,NA
Brosimum platyneurum,Moraceae,Brosimum,platyneurum,spec.,Arq. Serv. Florest. 1: 4. 1939 ,Arq. Serv. Florest.,1939,"Amazonas (Brazil, Southern America)",37304-2,NA,NA,www.ipni.org/n/37304-2,tax_nov,IPNI,NA
Brosimum potabile,Moraceae,Brosimum,potabile,spec.,Arch. Jard. Bot. Rio de Janeiro 3: 26. 1922 ,Arch. Jard. Bot. Rio de Janeiro,1922,"Faro, Pará (Brazil, Southern America)",37305-2,NA,"The LT. information is from Berg, Fl. Neotrop. Monogr. 7: 204. 1972.",www.ipni.org/n/37305-2,tax_nov,IPNI,NA
Brosimum rigidum,Moraceae,Brosimum,rigidum,spec.,Arch. Jard. Bot. Rio de Janeiro 3: 27. 1922 ,Arch. Jard. Bot. Rio de Janeiro,1922,Brazil (Southern America),37308-2,NA,NA,www.ipni.org/n/37308-2,tax_nov,IPNI,NA
Brosimum rubescens,Moraceae,Brosimum,rubescens,spec.,"Bot. Jahrb. Syst. 12(1-2, Beibl. 27): 4. 1890 [24 Jun 1890] ",Bot. Jahrb. Syst.,1890,Brazil (Southern America),37310-2,NA,NA,www.ipni.org/n/37310-2,tax_nov,IPNI,NA
Castilla ulei,Moraceae,Castilla,ulei,spec.,Bot. Jahrb. Syst. 35(5): 674. 1905 [18 Apr 1905] ,Bot. Jahrb. Syst.,1905,Brazil (Southern America),49376-2,http://www.biodiversitylibrary.org/openurl?ctx_ver=Z39.88-2004&rft_id=http://www.biodiversitylibrary.org/page/127189&rft_val_fmt=info:ofi/fmt:kev:mtx:book&url_ver=z39.88-2004,NA,www.ipni.org/n/49376-2,tax_nov,IPNI,NA
Clarisia mattogrossensis,Moraceae,Clarisia,mattogrossensis,spec.,"Recueil Trav. Bot. Néerl. 33: 268, fig. 3a. 1936 ",Recueil Trav. Bot. Néerl.,1936,"Mato Grosso (Brazil, Southern America)",59688-2,http://www.biodiversitylibrary.org/openurl?ctx_ver=Z39.88-2004&rft.date=1936&rft.spage=268&rft.volume=33&rft_id=http://www.biodiversitylibrary.org/bibliography/14679&rft_val_fmt=info:ofi/fmt:kev:mtx:book&url_ver=z39.88-2004,NA,www.ipni.org/n/59688-2,tax_nov,IPNI,NA
Dorstenia acangatara,Moraceae,Dorstenia,acangatara,spec.,Phytotaxa 118(2): 30. 2013 [29 Jul 2013] [epublished],Phytotaxa,2013,"Minas Gerais (Brazil Southeast, Brazil, Southern America);Espírito Santo (Brazil Southeast, Brazil, Southern America);",77130683-1,NA,doi:10.11646/phytotaxa.118.2.1,www.ipni.org/n/77130683-1,tax_nov,IPNI,https://doi.org/10.11646/phytotaxa.118.2.1
Dorstenia amazonica,Moraceae,Dorstenia,amazonica,spec.,"Arch. Jard. Bot. Rio de Janeiro 23: 105 (-106), fig. 1979 ",Arch. Jard. Bot. Rio de Janeiro,1979,"Araguaina, Fazenda Boa Vista, Goiás (Brazil, Southern America)",83027-2,NA,HT. collected on 28 Jan 1976,www.ipni.org/n/83027-2,tax_nov,IPNI,NA
Dorstenia anthuriifolia,Moraceae,Dorstenia,anthuriifolia,spec.,Contr. U.S. Natl. Herb. 20: 237. 1919 ,Contr. U.S. Natl. Herb.,1919,Brazil (Southern America),83028-2,http://www.biodiversitylibrary.org/openurl?ctx_ver=Z39.88-2004&rft_id=http://www.biodiversitylibrary.org/page/374053&rft_val_fmt=info:ofi/fmt:kev:mtx:book&url_ver=z39.88-2004,NA,www.ipni.org/n/83028-2,tax_nov,IPNI,NA
Dorstenia bahiensis,Moraceae,Dorstenia,bahiensis,spec.,Index Seminum [St.Petersburg (Petropolitanus)] 11: 64 (1846). ,Index Seminum [St.Petersburg (Petropolitanus)],1846,Brazil Northeast (Bahia).,971203-1,http://www.biodiversitylibrary.org/openurl?ctx_ver=Z39.88-2004&rft.date=1846&rft.spage=64&rft.volume=11&rft_id=http://www.biodiversitylibrary.org/bibliography/85629&rft_val_fmt=info:ofi/fmt:kev:mtx:book&url_ver=z39.88-2004,NA,www.ipni.org/n/971203-1,tax_nov,IPNI,NA
Dorstenia bonijesu,Moraceae,Dorstenia,bonijesu,spec.,"Atas Soc. Bot. Brasil, Secc. Rio de Janeiro 1(20): 112, fig. 1983 ","Atas Soc. Bot. Brasil, Secc. Rio de Janeiro",1983,Brazil (Southern America),83035-2,NA,NA,www.ipni.org/n/83035-2,tax_nov,IPNI,NA
Dorstenia brevipetiolata,Moraceae,Dorstenia,brevipetiolata,spec.,Proc. Kon. Ned. Akad. Wetensch. C 88(3): 264. 1985 ,Proc. Kon. Ned. Akad. Wetensch. C,1985,Brazil (Southern America),276023-2,NA,NA,www.ipni.org/n/276023-2,tax_nov,IPNI,NA
Dorstenia caatingae,Moraceae,Dorstenia,caatingae,spec.,Neodiversity 1(2): 14 (figs. 1-2). 2006 [25 Oct 2006] ,Neodiversity,2006,"Bahia (Brazil Northeast, Brazil, Southern America)",77085274-1,NA,NA,www.ipni.org/n/77085274-1,tax_nov,IPNI,NA
Dorstenia capricorniana,Moraceae,Dorstenia,capricorniana,spec.,Ci. & Cult. 28(3): 357. 1976 ,Ci. & Cult.,1976,"Dist. do Rio das Flores, 500-600 m, Rio de Janeiro (Brazil, Southern America)",83046-2,NA,HT. collected on 7 Oct 1971,www.ipni.org/n/83046-2,tax_nov,IPNI,NA
Dorstenia carautae,Moraceae,Dorstenia,carautae,spec.,"Proc. Kon. Ned. Akad. Wetensch. C 89(2): 136(-137), fig. 1986 ",Proc. Kon. Ned. Akad. Wetensch. C,1986,Brazil (Southern America),276024-2,NA,NA,www.ipni.org/n/276024-2,tax_nov,IPNI,NA
Dorstenia conceptionis,Moraceae,Dorstenia,conceptionis,spec.,"Bol. Mus. Bot. Munic. 17: 1-2, fig. 1974 ",Bol. Mus. Bot. Munic.,1974,"Mpio. de Itaguacu: Jatiboca, Espirito Santo (Brazil, Southern America)",301835-2,NA,NA,www.ipni.org/n/301835-2,tax_nov,IPNI,NA
Dorstenia contensis,Moraceae,Dorstenia,contensis,spec.,"Proc. Kon. Ned. Akad. Wetensch. C 88(3): 261(-263), fig. 1985 ",Proc. Kon. Ned. Akad. Wetensch. C,1985,Brazil (Southern America),276029-2,NA,NA,www.ipni.org/n/276029-2,tax_nov,IPNI,NA
Dorstenia dolichocaula,Moraceae,Dorstenia,dolichocaula,spec.,Repert. Spec. Nov. Regni Veg. 41: 222. 1937 ,Repert. Spec. Nov. Regni Veg.,1937,"Mpio. de Rezende, Maua, Vale do Rio Preto, Rio de Janeiro (Brazil, Southern America)",276030-2,http://www.biodiversitylibrary.org/openurl?ctx_ver=Z39.88-2004&rft.date=1937&rft.spage=222&rft.volume=41&rft_id=http://www.biodiversitylibrary.org/bibliography/276&rft_val_fmt=info:ofi/fmt:kev:mtx:book&url_ver=z39.88-2004,NT.: collected on 25 Jul 1971,www.ipni.org/n/276030-2,tax_nov,IPNI,NA
Dorstenia gracilis,Moraceae,Dorstenia,gracilis,spec.,"Bull. Torrey Bot. Club 103: 172 (-173), fig. 2. 1976 ",Bull. Torrey Bot. Club,1976,Brazil (Southern America),83077-2,http://www.biodiversitylibrary.org/openurl?ctx_ver=Z39.88-2004&rft.date=1976&rft.spage=172&rft.volume=103&rft_id=http://www.biodiversitylibrary.org/bibliography/340&rft_val_fmt=info:ofi/fmt:kev:mtx:book&url_ver=z39.88-2004,NA,www.ipni.org/n/83077-2,tax_nov,IPNI,NA
Dorstenia grazielae,Moraceae,Dorstenia,grazielae,spec.,"Atas Soc. Biol. Rio de Janeiro 16(2/3): 59, fig. 1973 ",Atas Soc. Biol. Rio de Janeiro,1973,"Parati, meio da Serra, Rio de Janeiro (Brazil, Southern America)",306505-2,NA,NA,www.ipni.org/n/306505-2,tax_nov,IPNI,NA
Dorstenia heringeri,Moraceae,Dorstenia,heringeri,spec.,"Bradea 2(5): 17 (-18), fig. 1975 ",Bradea,1975,"Distrito Federal (Brazil, Southern America)",83079-2,NA,NA,www.ipni.org/n/83079-2,tax_nov,IPNI,NA
Dorstenia hildegardis,Moraceae,Dorstenia,hildegardis,spec.,Revista Brasil. Biol. 38: 613. 1978 ,Revista Brasil. Biol.,1978,"Espirito Santo (Brazil, Southern America)",301938-2,NA,NA,www.ipni.org/n/301938-2,tax_nov,IPNI,NA
Dorstenia maris,Moraceae,Dorstenia,maris,spec.,"Trab. 26 Congr. Nac. Bot., Rio de Janeiro 613. 1977 ","Trab. 26 Congr. Nac. Bot., Rio de Janeiro",1977,Brazil (Southern America),83089-2,NA,NA,www.ipni.org/n/83089-2,tax_nov,IPNI,NA
Dorstenia milaneziana,Moraceae,Dorstenia,milaneziana,spec.,"Bradea 1(48): 473[-476], fig. 1974 ",Bradea,1974,"Espirito Santo (Brazil, Southern America)",83090-2,NA,NA,www.ipni.org/n/83090-2,tax_nov,IPNI,NA
Dorstenia romaniucii,Moraceae,Dorstenia,romaniucii,spec.,"Syst. Bot. 37(2): 451, figs. 1-3. 2012 [26 Apr 2012] ",Syst. Bot.,2012,"Espírito Santo (Brazil Southeast, Brazil, Southern America)",60458351-2,NA,Eponymy: The species epithet honors Dr. Sergio Romaniuc Neto (1962-; SP). doi:10.1600/036364412X635494,www.ipni.org/n/60458351-2,tax_nov,IPNI,https://doi.org/10.1600/036364412X635494
Dorstenia stellaris,Moraceae,Dorstenia,stellaris,spec.,PhytoKeys 12: 48. 2012 [8 May 2012] [epublished],PhytoKeys,2012,"São Paulo (Brazil Southeast, Brazil, Southern America)",77119223-1,NA,doi:10.3897/phytokeys.12.2772 [epublished],www.ipni.org/n/77119223-1,tax_nov,IPNI,https://doi.org/10.3897/phytokeys.12.2772
Dorstenia strangii,Moraceae,Dorstenia,strangii,spec.,"Bradea 1(42): 433, fig. 1974 ",Bradea,1974,"Mpio. de Bom Jardeim de Minas, Minas Gerais (Brazil, Southern America)",83112-2,NA,NA,www.ipni.org/n/83112-2,tax_nov,IPNI,NA
Dorstenia sucrei,Moraceae,Dorstenia,sucrei,spec.,"Bol. Mus. Bot. Munic. 17: 2-3, fig. 1974 ",Bol. Mus. Bot. Munic.,1974,"Mpio. de Itaguacu, Limoeiro, Santa Maria, Espirito Santo (Brazil, Southern America)",300762-2,NA,NA,www.ipni.org/n/300762-2,tax_nov,IPNI,NA
Dorstenia tentaculata,Moraceae,Dorstenia,tentaculata,spec.,Index Seminum [St.Petersburg (Petropolitanus)] 11: 59. 1846 ,Index Seminum [St.Petersburg (Petropolitanus)],1846,"Mpio. Petropolis: Captacao da Agua, ca. 650 m, Rio de Janeiro (Brazil, Southern America)",302334-2,http://www.biodiversitylibrary.org/openurl?ctx_ver=Z39.88-2004&rft.date=1846&rft.spage=59&rft.volume=11&rft_id=http://www.biodiversitylibrary.org/bibliography/85629&rft_val_fmt=info:ofi/fmt:kev:mtx:book&url_ver=z39.88-2004,NT.: original bibliographic information not available; NT. mentioned by J.¹P. P. Carauta et al. (Rodriguesia 27 (39): 256. 1974),www.ipni.org/n/302334-2,tax_nov,IPNI,NA
Dorstenia triseriata,Moraceae,Dorstenia,triseriata,spec.,PhytoKeys 38: 32. 2014 [19 May 2014] [epublished],PhytoKeys,2014,"Espírito Santo (Brazil Southeast, Brazil, Southern America);Bahia (Brazil Northeast, Brazil, Southern America);Minas Gerais (Brazil Southeast, Brazil, Southern America);",77138784-1,NA,doi:10.3897/phytokeys.38.7086,www.ipni.org/n/77138784-1,tax_nov,IPNI,https://doi.org/10.3897/phytokeys.38.7086
Ficus acreana,Moraceae,Ficus,acreana,spec.,Brittonia 54(4): 236 (-238; fig. 1). 2003 [16 Apr 2003] ,Brittonia,2003,"Fazenda Bom Sossego, between Igarapé do Cujubim and Igarapé Jacamin, Acre (Brazil, Southern America)",326801-2,NA,NA,www.ipni.org/n/326801-2,tax_nov,IPNI,NA
Ficus aripuanensis,Moraceae,Ficus,aripuanensis,spec.,Acta Amazonica 14 (1/2; suppl.): 195 (-197; fig. 1). 1986 [dt. 1984; issued May 1986] ,Acta Amazonica,1986,"Mato Grosso (Brazil, Southern America)",277191-2,NA,NA,www.ipni.org/n/277191-2,tax_nov,IPNI,NA
Ficus bahiensis,Moraceae,Ficus,bahiensis,spec.,Brittonia 54(4): 238 (-240; fig. 2). 2003 [16 Apr 2003] ,Brittonia,2003,"Reserva Florestal de Porto Seguro, CVRD-BA, Bahia (Brazil, Southern America)",326802-2,NA,NA,www.ipni.org/n/326802-2,tax_nov,IPNI,NA
Ficus blepharophylla,Moraceae,Ficus,blepharophylla,spec.,"Acta Amazonica 14 (1/2) suppl.: 197, fig. 1986 1984 ",Acta Amazonica,1986,Brazil (Southern America),277192-2,NA,NA,www.ipni.org/n/277192-2,tax_nov,IPNI,NA
Ficus bonijesulapensis,Moraceae,Ficus,bonijesulapensis,spec.,"Neodiversity 1(2): 14 (-16, fig. 3A-D). 2006 [25 Oct 2006] ",Neodiversity,2006,"Bahia (Brazil Northeast, Brazil, Southern America)",77085275-1,NA,NA,www.ipni.org/n/77085275-1,tax_nov,IPNI,NA
Ficus caatingae,Moraceae,Ficus,caatingae,spec.,Neodiversity 1(2): 16 (-18; fig. 3E-F). 2006 [25 Oct 2006] ,Neodiversity,2006,"Bahia (Brazil Northeast, Brazil, Southern America)",77085276-1,NA,NA,www.ipni.org/n/77085276-1,tax_nov,IPNI,NA
Ficus carautana,Moraceae,Ficus,carautana,spec.,"Bradea 6(5): 37 (1992), as 'carautiana', contrary to Art. 37.5 ICBN (1988). ",Bradea,1992,Brazil West-central (Mato Grosso).,972032-1,NA,NA,www.ipni.org/n/972032-1,tax_nov,IPNI,NA
Ficus diamantina,Moraceae,Ficus,diamantina,spec.,Phytotaxa 327(2): 196. 2017 [7 Nov 2017] [epublished],Phytotaxa,2017,"Bahia (Brazil Northeast, Brazil, Southern America)",77177696-1,NA,doi:10.11646/phytotaxa.327.2.9,www.ipni.org/n/77177696-1,tax_nov,IPNI,https://doi.org/10.11646/phytotaxa.327.2.9
Ficus duartei,Moraceae,Ficus,duartei,spec.,Brittonia 54(4): 240 (-241; fig. 3). 2003 [16 Apr 2003] ,Brittonia,2003,"Mun. Rio de Janeiro: Botafogo, Mundo Novo, Rio de Janeiro (Brazil, Southern America)",326803-2,NA,NA,www.ipni.org/n/326803-2,tax_nov,IPNI,NA
Ficus duckeana,Moraceae,Ficus,duckeana,spec.,Brittonia 54(4): 241 (-243; fig. 4). 2003 [16 Apr 2003] ,Brittonia,2003,"Mun. Manaus: Reserva Florestal, Reserva Ducke, rd. Manaus-Itacoatiara, km 26, Amazonas (Brazil, Southern America)",326804-2,NA,NA,www.ipni.org/n/326804-2,tax_nov,IPNI,NA
Ficus elliotiana,Moraceae,Ficus,elliotiana,spec.,"Trans. Linn. Soc. London, Bot. ser. 2, 4: 472. 1895 ","Trans. Linn. Soc. London, Bot.",1895,Brazil (Southern America),104515-2,NA,NA,www.ipni.org/n/104515-2,tax_nov,IPNI,NA
Ficus ernanii,Moraceae,Ficus,ernanii,spec.,"Albertoa. Sér, Urtic. 36: 228. 2012 [Nov 2012] ","Albertoa. Sér, Urtic.",2012,"Rio Grande do Sul (Brazil, Southern America)",60459250-2,NA,"[pdf file vidi], checked with publication by Irina Belyaeva",www.ipni.org/n/60459250-2,tax_nov,IPNI,NA
Ficus frondosa,Moraceae,Ficus,frondosa,spec.,"Publ. Field Mus. Nat. Hist., Bot. Ser. 17: 169. 1937 ","Publ. Field Mus. Nat. Hist., Bot. Ser.",1937,"Amazonas (Brazil, Southern America)",104531-2,http://www.biodiversitylibrary.org/openurl?ctx_ver=Z39.88-2004&rft.date=1937&rft.spage=169&rft.volume=17&rft_id=http://www.biodiversitylibrary.org/bibliography/42246&rft_val_fmt=info:ofi/fmt:kev:mtx:book&url_ver=z39.88-2004,NA,www.ipni.org/n/104531-2,tax_nov,IPNI,NA
Ficus gameleira,Moraceae,Ficus,gameleira,spec.,"Publ. Field Mus. Nat. Hist., Bot. Ser. 17(2): 169 (-170). 1937 [28 Sep 1937] ","Publ. Field Mus. Nat. Hist., Bot. Ser.",1937,"Maranhao (Brazil, Southern America)",104535-2,http://www.biodiversitylibrary.org/openurl?ctx_ver=Z39.88-2004&rft.date=1937&rft.issue=2&rft.spage=169&rft.volume=17&rft_id=http://www.biodiversitylibrary.org/bibliography/42246&rft_val_fmt=info:ofi/fmt:kev:mtx:book&url_ver=z39.88-2004,NA,www.ipni.org/n/104535-2,tax_nov,IPNI,NA
Ficus gomelleira,Moraceae,Ficus,gomelleira,spec.,Index Seminum [Berlin] 1846: 18. 1847 ,Index Seminum [Berlin],1847,Brazil (Southern America),311061-2,http://www.biodiversitylibrary.org/openurl?ctx_ver=Z39.88-2004&rft.date=1847&rft.spage=18&rft.volume=1846&rft_id=http://www.biodiversitylibrary.org/bibliography/83585&rft_val_fmt=info:ofi/fmt:kev:mtx:book&url_ver=z39.88-2004,Kunth ascribed F. gomelleira to Hort. Monac. The Committee for Spermatophyta (Taxon 39(2): 296. 1990) treated F. gomelleira Kunth and F. gameleira Standl. (1937) as homonyms.,www.ipni.org/n/311061-2,tax_nov,IPNI,NA
Ficus hatschbachii,Moraceae,Ficus,hatschbachii,spec.,Brittonia 54(4): 243. 2003 [2002 publ. 2003] ,Brittonia,2003,Brazil West-Central (Mato Grosso);Brazil North (Rondônia);Bolivia;,20012478-1,NA,NA,www.ipni.org/n/20012478-1,tax_nov,IPNI,NA
Ficus juruensis,Moraceae,Ficus,juruensis,spec.,Caldasia 7: 231. 1956 ,Caldasia,1956,Brazil &amp; Colombia (Amazonas),104587-2,NA,NA,www.ipni.org/n/104587-2,tax_nov,IPNI,NA
Ficus krukovii,Moraceae,Ficus,krukovii,spec.,"Publ. Field Mus. Nat. Hist., Bot. Ser. 17: 171. 1937 ","Publ. Field Mus. Nat. Hist., Bot. Ser.",1937,Brazil (Southern America),277200-2,http://www.biodiversitylibrary.org/openurl?ctx_ver=Z39.88-2004&rft.date=1937&rft.spage=171&rft.volume=17&rft_id=http://www.biodiversitylibrary.org/bibliography/42246&rft_val_fmt=info:ofi/fmt:kev:mtx:book&url_ver=z39.88-2004,NA,www.ipni.org/n/277200-2,tax_nov,IPNI,NA
Ficus lagoensis,Moraceae,Ficus,lagoensis,spec.,Brittonia 54(4): 243 (-246; fig. 6). 2003 [16 Apr 2003] ,Brittonia,2003,"Monte Belo, Fazenda Lagoa, Minas Gerais (Brazil, Southern America)",326806-2,NA,NA,www.ipni.org/n/326806-2,tax_nov,IPNI,NA
Ficus latipedunculata,Moraceae,Ficus,latipedunculata,spec.,Syst. Bot. 42(1): 185. 2017 [1 Mar 2017] [epublished],Syst. Bot.,2017,"São Paulo (Brazil Southeast, Brazil, Southern America)",77163026-1,NA,doi:10.1600/036364417X694629,www.ipni.org/n/77163026-1,tax_nov,IPNI,https://doi.org/10.1600/036364417X694629
Ficus laureola,Moraceae,Ficus,laureola,spec.,Brittonia 54(4): 246 (-249; fig. 7). 2003 [16 Apr 2003] ,Brittonia,2003,"Mun. Ouro Preto, Serra de Ouro Preto, Cachoeira das Andorinhas, 1250 m, Minas Gerais (Brazil, Southern America)",104599-2,NA,Glaziou (in Bull. Soc. Bot. France 59(Mem. 3g): 642. 1913) published this name as a nom. nud.,www.ipni.org/n/104599-2,tax_nov,IPNI,NA
Ficus lauretana,Moraceae,Ficus,lauretana,spec.,Acta Amazonica 14 (1/2) suppl.: 203. 1986 [1984] ,Acta Amazonica,1986,Brazil (Southern America),277197-2,NA,NA,www.ipni.org/n/277197-2,tax_nov,IPNI,NA
Ficus mariae,Moraceae,Ficus,mariae,spec.,"Bradea 8(20): 112 (111-114, fig.). 1999 ",Bradea,1999,"Reserva Florestal de Linhares, Estrada CincoFolhas, km 0.71, em mata de tabulheiro, Espirito Santo (Brazil, Southern America)",317967-2,NA,[Gandhi 28 May 1999],www.ipni.org/n/317967-2,tax_nov,IPNI,NA
Ficus mattogrossensis,Moraceae,Ficus,mattogrossensis,spec.,"Publ. Field Mus. Nat. Hist., Bot. Ser. 22, no. 1: 16. 1940 ","Publ. Field Mus. Nat. Hist., Bot. Ser.",1940,"Mato Grosso (Brazil, Southern America)",104626-2,NA,NA,www.ipni.org/n/104626-2,tax_nov,IPNI,NA
Ficus maxima,Moraceae,Ficus,maxima,spec.,"Gard. Dict., ed. 8. Ficus no. 6. 1768 [16 Apr 1768] (as maximus)","Gard. Dict., ed. 8.",1768,"Amazonas (Brazil, Southern America)",853200-1,NA,NA,www.ipni.org/n/853200-1,tax_nov,IPNI,NA
Ficus mexiae,Moraceae,Ficus,mexiae,spec.,"Publ. Field Mus. Nat. Hist., Bot. Ser. 17: 173. 1937 ","Publ. Field Mus. Nat. Hist., Bot. Ser.",1937,"Fazenda de Aguada, Vicosa, Minas Gerais (Brazil, Southern America)",104634-2,http://www.biodiversitylibrary.org/openurl?ctx_ver=Z39.88-2004&rft.date=1937&rft.spage=173&rft.volume=17&rft_id=http://www.biodiversitylibrary.org/bibliography/42246&rft_val_fmt=info:ofi/fmt:kev:mtx:book&url_ver=z39.88-2004,HT.: collected on 24 Dec 1930,www.ipni.org/n/104634-2,tax_nov,IPNI,NA
Ficus mima,Moraceae,Ficus,mima,spec.,"Publ. Field Mus. Nat. Hist., Bot. Ser. 17: 173. 1937 ","Publ. Field Mus. Nat. Hist., Bot. Ser.",1937,"Mato Grosso (Brazil, Southern America)",104637-2,http://www.biodiversitylibrary.org/openurl?ctx_ver=Z39.88-2004&rft.date=1937&rft.spage=173&rft.volume=17&rft_id=http://www.biodiversitylibrary.org/bibliography/42246&rft_val_fmt=info:ofi/fmt:kev:mtx:book&url_ver=z39.88-2004,NA,www.ipni.org/n/104637-2,tax_nov,IPNI,NA
Ficus nevesiae,Moraceae,Ficus,nevesiae,spec.,"Albertoa ser. Urticineae, 10: 65 (-67; fig.). 2002 [Nov 2002] ",Albertoa,2002,"Rio de Janeiro, Morro da Babilonia, 22°58'S, 43°11'W, Rio de Janeiro (Brazil, Southern America)",325425-2,NA,specific epithet honors: Léa de Jesus Neves,www.ipni.org/n/325425-2,tax_nov,IPNI,NA
Ficus nigrotuberculata,Moraceae,Ficus,nigrotuberculata,spec.,Phytotaxa 239(1): 98. 2015 [18 Dec 2015] [epublished],Phytotaxa,2015,"Peru (Western South America, Southern America);Bolivia (Western South America, Southern America);Amazonas (Brazil North, Brazil, Southern America);",77151720-1,NA,doi:10.11646/phytotaxa.239.1.10,www.ipni.org/n/77151720-1,tax_nov,IPNI,https://doi.org/10.11646/phytotaxa.239.1.10
Ficus panurensis,Moraceae,Ficus,panurensis,spec.,"Publ. Field Mus. Nat. Hist., Bot. Ser. 17: 174. 1937 ","Publ. Field Mus. Nat. Hist., Bot. Ser.",1937,Brazil (Southern America),104669-2,http://www.biodiversitylibrary.org/openurl?ctx_ver=Z39.88-2004&rft.date=1937&rft.spage=174&rft.volume=17&rft_id=http://www.biodiversitylibrary.org/bibliography/42246&rft_val_fmt=info:ofi/fmt:kev:mtx:book&url_ver=z39.88-2004,NA,www.ipni.org/n/104669-2,tax_nov,IPNI,NA
Ficus piresiana,Moraceae,Ficus,piresiana,spec.,"Acta Amazonica 14 (1/2) suppl.: 207 (-209), fig. 1986 1984 ",Acta Amazonica,1986,"Pará (Brazil, Southern America)",277201-2,NA,NA,www.ipni.org/n/277201-2,tax_nov,IPNI,NA
Ficus ramiflora,Moraceae,Ficus,ramiflora,spec.,"Publ. Field Mus. Nat. Hist., Bot. Ser. 17: 175. 1937 ","Publ. Field Mus. Nat. Hist., Bot. Ser.",1937,"Amazonas (Brazil, Southern America)",104700-2,http://www.biodiversitylibrary.org/openurl?ctx_ver=Z39.88-2004&rft.date=1937&rft.spage=175&rft.volume=17&rft_id=http://www.biodiversitylibrary.org/bibliography/42246&rft_val_fmt=info:ofi/fmt:kev:mtx:book&url_ver=z39.88-2004,NA,www.ipni.org/n/104700-2,tax_nov,IPNI,NA
Ficus regularis,Moraceae,Ficus,regularis,spec.,"Publ. Field Mus. Nat. Hist., Bot. Ser. 17(2): 175. 1937 ","Publ. Field Mus. Nat. Hist., Bot. Ser.",1937,"Acre Terr. &amp; Amazonas, Brazil (Southern America)",104702-2,http://www.biodiversitylibrary.org/openurl?ctx_ver=Z39.88-2004&rft.date=1937&rft.issue=2&rft.spage=175&rft.volume=17&rft_id=http://www.biodiversitylibrary.org/bibliography/42246&rft_val_fmt=info:ofi/fmt:kev:mtx:book&url_ver=z39.88-2004,NA,www.ipni.org/n/104702-2,tax_nov,IPNI,NA
Ficus roraimensis,Moraceae,Ficus,roraimensis,spec.,"Acta Amazonica 14 (1/2) suppl.: 209 (-211), fig. 1986 1984 ",Acta Amazonica,1986,"Roraima (Terr.) (Brazil, Southern America)",277202-2,NA,NA,www.ipni.org/n/277202-2,tax_nov,IPNI,NA
Ficus rupicola,Moraceae,Ficus,rupicola,spec.,Brittonia 54(4): 249 (fig. 8). 2003 [16 Apr 2003] ,Brittonia,2003,"Mun. Sao Domingos, rd. Guaraní de Goiás-Terra Ronca, Goiás (Brazil, Southern America)",326807-2,NA,NA,www.ipni.org/n/326807-2,tax_nov,IPNI,NA
Ficus sphenophylla,Moraceae,Ficus,sphenophylla,spec.,"Publ. Field Mus. Nat. Hist., Bot. Ser. 17: 176. 1937 ","Publ. Field Mus. Nat. Hist., Bot. Ser.",1937,"Acre (Brazil, Southern America)",104726-2,http://www.biodiversitylibrary.org/openurl?ctx_ver=Z39.88-2004&rft.date=1937&rft.spage=176&rft.volume=17&rft_id=http://www.biodiversitylibrary.org/bibliography/42246&rft_val_fmt=info:ofi/fmt:kev:mtx:book&url_ver=z39.88-2004,NA,www.ipni.org/n/104726-2,tax_nov,IPNI,NA
Ficus sprucei,Moraceae,Ficus,sprucei,spec.,"Publ. Field Mus. Nat. Hist., Bot. Ser. 17: 176. 1937 ","Publ. Field Mus. Nat. Hist., Bot. Ser.",1937,Brazil (Southern America),104727-2,http://www.biodiversitylibrary.org/openurl?ctx_ver=Z39.88-2004&rft.date=1937&rft.spage=176&rft.volume=17&rft_id=http://www.biodiversitylibrary.org/bibliography/42246&rft_val_fmt=info:ofi/fmt:kev:mtx:book&url_ver=z39.88-2004,NA,www.ipni.org/n/104727-2,tax_nov,IPNI,NA
Ficus tubulosa,Moraceae,Ficus,tubulosa,spec.,Phytotaxa 170(3): 208. 2014 [26 May 2014] [epublished],Phytotaxa,2014,"Acre (Brazil North, Brazil, Southern America);Bolivia (Western South America, Southern America);Peru (Western South America, Southern America);Amazonas (Brazil North, Brazil, Southern America);",77141022-1,NA,doi:10.11646/phytotaxa.170.3.6,www.ipni.org/n/77141022-1,tax_nov,IPNI,https://doi.org/10.11646/phytotaxa.170.3.6
Ficus uberrima,Moraceae,Ficus,uberrima,spec.,"Publ. Field Mus. Nat. Hist., Bot. Ser. 17: 177. 1937 ","Publ. Field Mus. Nat. Hist., Bot. Ser.",1937,"Amazonas (Brazil, Southern America)",104752-2,http://www.biodiversitylibrary.org/openurl?ctx_ver=Z39.88-2004&rft.date=1937&rft.spage=177&rft.volume=17&rft_id=http://www.biodiversitylibrary.org/bibliography/42246&rft_val_fmt=info:ofi/fmt:kev:mtx:book&url_ver=z39.88-2004,NA,www.ipni.org/n/104752-2,tax_nov,IPNI,NA
Ficus ulei,Moraceae,Ficus,ulei,spec.,Repert. Spec. Nov. Regni Veg. 42: 60. 1937 ,Repert. Spec. Nov. Regni Veg.,1937,"Amazonas (Brazil, Southern America)",104753-2,http://www.biodiversitylibrary.org/openurl?ctx_ver=Z39.88-2004&rft.date=1937&rft.spage=60&rft.volume=42&rft_id=http://www.biodiversitylibrary.org/bibliography/276&rft_val_fmt=info:ofi/fmt:kev:mtx:book&url_ver=z39.88-2004,NA,www.ipni.org/n/104753-2,tax_nov,IPNI,NA
Ficus ursina,Moraceae,Ficus,ursina,spec.,"Publ. Field Mus. Nat. Hist., Bot. Ser. 17: 178. 1937 ","Publ. Field Mus. Nat. Hist., Bot. Ser.",1937,"Acre (Brazil, Southern America)",104756-2,http://www.biodiversitylibrary.org/openurl?ctx_ver=Z39.88-2004&rft.date=1937&rft.spage=178&rft.volume=17&rft_id=http://www.biodiversitylibrary.org/bibliography/42246&rft_val_fmt=info:ofi/fmt:kev:mtx:book&url_ver=z39.88-2004,NA,www.ipni.org/n/104756-2,tax_nov,IPNI,NA
Helianthostylis sprucei,Moraceae,Helianthostylis,sprucei,spec.,Adansonia 11: 299. 1875 ,Adansonia,1875,"Rio Negro, Sao Gabriel, Amazonas (Brazil, Southern America)",317010-2,http://www.biodiversitylibrary.org/openurl?ctx_ver=Z39.88-2004&rft.date=1875&rft.spage=299&rft.volume=11&rft_id=http://www.biodiversitylibrary.org/bibliography/600&rft_val_fmt=info:ofi/fmt:kev:mtx:book&url_ver=z39.88-2004,"[Gandhi 30 Dec 1998] The LT. information is from Berg, Fl. Neotrop. Monogr. 7: 216, 218. 1972.",www.ipni.org/n/317010-2,tax_nov,IPNI,NA
Helicostylis asperifolia,Moraceae,Helicostylis,asperifolia,spec.,Trop. Woods 31: 11. 1932 ,Trop. Woods,1932,"Amazonas (Brazil, Southern America)",119530-2,NA,NA,www.ipni.org/n/119530-2,tax_nov,IPNI,NA
Helicostylis duckei,Moraceae,Helicostylis,duckei,spec.,Phytologia 3: 31. 1948 ,Phytologia,1948,"Manaos, Estrada da Alexios, Amazonas (Brazil, Southern America)",119531-2,http://www.biodiversitylibrary.org/openurl?ctx_ver=Z39.88-2004&rft.date=1948&rft.spage=31&rft.volume=3&rft_id=http://www.biodiversitylibrary.org/bibliography/12678&rft_val_fmt=info:ofi/fmt:kev:mtx:book&url_ver=z39.88-2004,[Gandhi; US] A. Ducke 1202 is also the lectotype of H. podogyne Ducke,www.ipni.org/n/119531-2,tax_nov,IPNI,NA
Helicostylis heterotricha,Moraceae,Helicostylis,heterotricha,spec.,"Bull. Mus. Hist. Nat. (Paris) ser. 2; 4: 721. 1932 Archivos Jard. Bot. Rio Janeiro, 6: 2.  1933",Bull. Mus. Hist. Nat. (Paris),1932,"Amazonas (Brazil, Southern America)",119533-2,NA,NA,www.ipni.org/n/119533-2,tax_nov,IPNI,NA
Helicostylis lancifolia,Moraceae,Helicostylis,lancifolia,spec.,"Bull. Mus. Hist. Nat. (Paris) ser. 2; 4: 721. 1932 Archivos Jard. Bot. Rio Janeiro, 6: 3.  1933",Bull. Mus. Hist. Nat. (Paris),1932,"Amazonas (Brazil, Southern America)",119534-2,NA,NA,www.ipni.org/n/119534-2,tax_nov,IPNI,NA
Helicostylis podogyne,Moraceae,Helicostylis,podogyne,spec.,Bol. Tecn. Inst. Agron. N. no. 4: 3. 1945 ,Bol. Tecn. Inst. Agron. N.,1945,"Manaos, Estrada da Alexios, Amazonas (Brazil, Southern America)",119539-2,NA,"The LT. information is from Berg, Fl. Neotrop. Monogr. 7: 79. 1972. A. Ducke 1202 is also the holotype of H. duckei A. D. Hawkes",www.ipni.org/n/119539-2,tax_nov,IPNI,NA
Helicostylis turbinata,Moraceae,Helicostylis,turbinata,spec.,Acta Bot. Neerl. 18(3): 464. 1969 ,Acta Bot. Neerl.,1969,"Amazonas (Brazil, Southern America)",119543-2,NA,NA,www.ipni.org/n/119543-2,tax_nov,IPNI,NA
Naucleopsis amara,Moraceae,Naucleopsis,amara,spec.,Arch. Jard. Bot. Rio de Janeiro 4: 6. 1925 ,Arch. Jard. Bot. Rio de Janeiro,1925,"Near the cataracts of Mangabal, Rio Tapajoz, Pará (Brazil, Southern America)",167391-2,NA,"The LT. information is from Berg, Fl. Neotrop. Monogr. 7: 139, 142. 1972.",www.ipni.org/n/167391-2,tax_nov,IPNI,NA
Naucleopsis glabra,Moraceae,Naucleopsis,glabra,spec.,Contr. U.S. Natl. Herb. 13: 440. 1912 ,Contr. U.S. Natl. Herb.,1912,Brazil (Southern America),167395-2,http://www.biodiversitylibrary.org/openurl?ctx_ver=Z39.88-2004&rft_id=http://www.biodiversitylibrary.org/page/368507&rft_val_fmt=info:ofi/fmt:kev:mtx:book&url_ver=z39.88-2004,NA,www.ipni.org/n/167395-2,tax_nov,IPNI,NA
Naucleopsis insculptula,Moraceae,Naucleopsis,insculptula,spec.,"Arq. Serv. Florest. 1: 16, tab. 10, fig. a-d. 1939 ",Arq. Serv. Florest.,1939,"Amazonas (Brazil, Southern America)",167399-2,NA,NA,www.ipni.org/n/167399-2,tax_nov,IPNI,NA
Naucleopsis jamariensis,Moraceae,Naucleopsis,jamariensis,spec.,Acta Bot. Neerl. 18(3): 465. 1969 ,Acta Bot. Neerl.,1969,"Rondonia (Terr.) (Brazil, Southern America)",167400-2,NA,NA,www.ipni.org/n/167400-2,tax_nov,IPNI,NA
Naucleopsis pauciflora,Moraceae,Naucleopsis,pauciflora,spec.,"Arq. Serv. Florest. 1: 16, tab. 10, fig. e-j. 1939 ",Arq. Serv. Florest.,1939,"Near Parintins, Amazonas (Brazil, Southern America)",167404-2,NA,"The LT. information is from Berg, Fl. Neotrop. Monogr. 7: 125. 1972.",www.ipni.org/n/167404-2,tax_nov,IPNI,NA
Naucleopsis riparia,Moraceae,Naucleopsis,riparia,spec.,Acta Bot. Neerl. 18(3): 464. 1969 ,Acta Bot. Neerl.,1969,"Amazonas (Brazil, Southern America)",167406-2,NA,NA,www.ipni.org/n/167406-2,tax_nov,IPNI,NA
Naucleopsis tubulata,Moraceae,Naucleopsis,tubulata,spec.,Phytotaxa 402(1): 53. 2019 [18 Apr 2019] [epublished],Phytotaxa,2019,"Amazonas (Brazil North, Brazil, Southern America);Pará (Brazil North, Brazil, Southern America);",77196669-1,NA,doi:10.11646/phytotaxa.402.1.7,www.ipni.org/n/77196669-1,tax_nov,IPNI,https://doi.org/10.11646/phytotaxa.402.1.7
Noyera glabrifolia,Moraceae,Noyera,glabrifolia,spec.,Bull. Mus. Hist. Nat. (Paris) (ser. 2) 4: 722. 1932 ,Bull. Mus. Hist. Nat. (Paris),1932,"Near Sao Paulo de Olivenca, Amazonas (Brazil, Southern America)",170969-2,NA,[Gandhi; US],www.ipni.org/n/170969-2,tax_nov,IPNI,NA
Ogcodeia acreana,Moraceae,Ogcodeia,acreana,spec.,Notizbl. Bot. Gart. Berlin-Dahlem 11: 421. 1932 ,Notizbl. Bot. Gart. Berlin-Dahlem,1932,"Rio Acre, Seringal Auristella, Acre (Brazil, Southern America)",173588-2,http://www.biodiversitylibrary.org/openurl?ctx_ver=Z39.88-2004&rft.date=1932&rft.spage=421&rft.volume=11&rft_id=http://www.biodiversitylibrary.org/bibliography/41365&rft_val_fmt=info:ofi/fmt:kev:mtx:book&url_ver=z39.88-2004,"The LT. information is from Berg, Fl. Neotrop. Monogr. 7: 121. 1972.",www.ipni.org/n/173588-2,tax_nov,IPNI,NA
Ogcodeia inaequalis,Moraceae,Ogcodeia,inaequalis,spec.,Arq. Serv. Florest. 1: 19. 1939 ,Arq. Serv. Florest.,1939,"Near Borba on Rio Madeira, Amazonas (Brazil, Southern America)",173594-2,NA,"The LT. information is from Berg, Fl. Neotrop. Monogr. 7: 128. 1972.",www.ipni.org/n/173594-2,tax_nov,IPNI,NA
Ogcodeia oblongifolia,Moraceae,Ogcodeia,oblongifolia,spec.,Anais Reunião Sul-Amer. Bot. 3: 77. 1940 [1939] ,Anais Reunião Sul-Amer. Bot.,1940,"Horto Florestal near Rio de Janeiro, Rio de Janeiro (Brazil, Southern America)",173596-2,NA,"The LT. information is from Berg, Fl. Neotrop. Monogr. 7: 131. 1972.",www.ipni.org/n/173596-2,tax_nov,IPNI,NA
Ogcodeia pallescens,Moraceae,Ogcodeia,pallescens,spec.,"Arq. Serv. Florest. 1: 18, tab. 11, fig. a-e. 1939 ",Arq. Serv. Florest.,1939,"Mato Grosso (Brazil, Southern America)",173597-2,NA,NA,www.ipni.org/n/173597-2,tax_nov,IPNI,NA
Ogcodeia pseudonaga,Moraceae,Ogcodeia,pseudonaga,spec.,Notizbl. Bot. Gart. Berlin-Dahlem 11: 419. 1932 ,Notizbl. Bot. Gart. Berlin-Dahlem,1932,"Seringal Sao Francisco, Rio Acre, Amazonas (Brazil, Southern America)",316999-2,http://www.biodiversitylibrary.org/openurl?ctx_ver=Z39.88-2004&rft.date=1932&rft.spage=419&rft.volume=11&rft_id=http://www.biodiversitylibrary.org/bibliography/41365&rft_val_fmt=info:ofi/fmt:kev:mtx:book&url_ver=z39.88-2004,"[Gandhi 29 Dec 1998] The LT. information is from Berg, Fl. Neotrop. Monogr. 7: 125. 1972.",www.ipni.org/n/316999-2,tax_nov,IPNI,NA
Olmedia caloneura,Moraceae,Olmedia,caloneura,spec.,Bol. Mus. Goeldi Hist. Nat. Ethnogr. 5: 336. 1909 ,Bol. Mus. Goeldi Hist. Nat. Ethnogr.,1909,Brazil (Southern America),173740-2,NA,NA,www.ipni.org/n/173740-2,tax_nov,IPNI,NA
Olmedia calophylla,Moraceae,Olmedia,calophylla,spec.,Nov. Gen. Sp. Pl. (Poeppig & Endlicher) 2: 32. 1838 ,Nov. Gen. Sp. Pl. (Poeppig & Endlicher),1838,"Tefe, Amazonas (Brazil, Southern America)",173741-2,http://www.biodiversitylibrary.org/openurl?ctx_ver=Z39.88-2004&rft.date=1838&rft.spage=32&rft.volume=2&rft_id=http://www.biodiversitylibrary.org/bibliography/453&rft_val_fmt=info:ofi/fmt:kev:mtx:book&url_ver=z39.88-2004,"The LT. information is from Berg, Fl. Neotrop. Monogr. 7: 70-72. 1972.",www.ipni.org/n/173741-2,tax_nov,IPNI,NA
Olmedia ferruginea,Moraceae,Olmedia,ferruginea,spec.,Nov. Gen. Sp. Pl. (Poeppig & Endlicher) 2: 31. 1838 ,Nov. Gen. Sp. Pl. (Poeppig & Endlicher),1838,"Tefe, Amazonas (Brazil, Southern America)",316995-2,http://www.biodiversitylibrary.org/openurl?ctx_ver=Z39.88-2004&rft.date=1838&rft.spage=31&rft.volume=2&rft_id=http://www.biodiversitylibrary.org/bibliography/453&rft_val_fmt=info:ofi/fmt:kev:mtx:book&url_ver=z39.88-2004,"[Gandhi 28 Dec 1998] The LT. information is from Berg, Fl. Ecuador 60: 96. 1998.",www.ipni.org/n/316995-2,tax_nov,IPNI,NA
Olmedia maxima,Moraceae,Olmedia,maxima,spec.,"Arch. Jard. Bot. Rio de Janeiro 3: 32, tab. 3. 1922 ",Arch. Jard. Bot. Rio de Janeiro,1922,"Gurupa, Pará (Brazil, Southern America)",173747-2,NA,"The LT. information is from Berg, Fl. Neotrop. Monogr. 7: 73. 1972.",www.ipni.org/n/173747-2,tax_nov,IPNI,NA
Olmedia mollis,Moraceae,Olmedia,mollis,spec.,Nov. Gen. Sp. Pl. (Poeppig & Endlicher) 2: 31. 1838 ,Nov. Gen. Sp. Pl. (Poeppig & Endlicher),1838,"Teffe, Amazonas (Brazil, Southern America)",173748-2,http://www.biodiversitylibrary.org/openurl?ctx_ver=Z39.88-2004&rft.date=1838&rft.spage=31&rft.volume=2&rft_id=http://www.biodiversitylibrary.org/bibliography/453&rft_val_fmt=info:ofi/fmt:kev:mtx:book&url_ver=z39.88-2004,"The LT. information is from Berg, Fl. Neotrop. Monogr. 7: 58. 1972.",www.ipni.org/n/173748-2,tax_nov,IPNI,NA
Olmedia obliqua,Moraceae,Olmedia,obliqua,spec.,Bol. Mus. Goeldi Hist. Nat. Ethnogr. 5: 337. 1909 ,Bol. Mus. Goeldi Hist. Nat. Ethnogr.,1909,Brazil (Southern America),173749-2,NA,NA,www.ipni.org/n/173749-2,tax_nov,IPNI,NA
Olmedia tomentosa,Moraceae,Olmedia,tomentosa,spec.,Nov. Gen. Sp. Pl. (Poeppig & Endlicher) 2: 32. 1838 ,Nov. Gen. Sp. Pl. (Poeppig & Endlicher),1838,"Tefe, Amazonas (Brazil, Southern America)",173753-2,http://www.biodiversitylibrary.org/openurl?ctx_ver=Z39.88-2004&rft.date=1838&rft.spage=32&rft.volume=2&rft_id=http://www.biodiversitylibrary.org/bibliography/453&rft_val_fmt=info:ofi/fmt:kev:mtx:book&url_ver=z39.88-2004,"The LT. information is from Berg, Fl. Neotrop. Monogr. 7: 79, 81. 1972.",www.ipni.org/n/173753-2,tax_nov,IPNI,NA
Olmedioperebea sclerophylla,Moraceae,Olmedioperebea,sclerophylla,spec.,Arch. Jard. Bot. Rio de Janeiro 3: 34. 1922 ,Arch. Jard. Bot. Rio de Janeiro,1922,"Rio branco de Obidos, Pará (Brazil, Southern America)",173757-2,NA,"The LT. information is from Berg, Fl. Neotrop. Monogr. 7: 69. 1972.",www.ipni.org/n/173757-2,tax_nov,IPNI,NA
Paraclarisia amazonica,Moraceae,Paraclarisia,amazonica,spec.,"Arq. Serv. Florest. 1: 2, tab. 3. 1939 ",Arq. Serv. Florest.,1939,"Amazonas (Brazil, Southern America)",182885-2,NA,NA,www.ipni.org/n/182885-2,tax_nov,IPNI,NA
Perebea concinna,Moraceae,Perebea,concinna,spec.,"Publ. Field Mus. Nat. Hist., Bot. Ser. 17: 179. 1937 ","Publ. Field Mus. Nat. Hist., Bot. Ser.",1937,"Amazonas (Brazil, Southern America)",190067-2,http://www.biodiversitylibrary.org/openurl?ctx_ver=Z39.88-2004&rft.date=1937&rft.spage=179&rft.volume=17&rft_id=http://www.biodiversitylibrary.org/bibliography/42246&rft_val_fmt=info:ofi/fmt:kev:mtx:book&url_ver=z39.88-2004,NA,www.ipni.org/n/190067-2,tax_nov,IPNI,NA
Perebea lecointei,Moraceae,Perebea,lecointei,spec.,Bol. Mus. Goeldi Hist. Nat. Ethnogr. 5: 334. 1909 ,Bol. Mus. Goeldi Hist. Nat. Ethnogr.,1909,Brazil (Southern America),190079-2,NA,NA,www.ipni.org/n/190079-2,tax_nov,IPNI,NA
Perebea mennegae,Moraceae,Perebea,mennegae,spec.,"Acta Bot. Neerl. 27: 12 (-15), fig. 2. 1978 ",Acta Bot. Neerl.,1978,Brazil (Southern America),190081-2,NA,NA,www.ipni.org/n/190081-2,tax_nov,IPNI,NA
Perebea paraensis,Moraceae,Perebea,paraensis,spec.,Bol. Mus. Goeldi Hist. Nat. Ethnogr. 5: 334. 1909 ,Bol. Mus. Goeldi Hist. Nat. Ethnogr.,1909,Brazil (Southern America),190083-2,NA,NA,www.ipni.org/n/190083-2,tax_nov,IPNI,NA
Piratinera lancifera,Moraceae,Piratinera,lancifera,spec.,"Arch. Jard. Bot. Rio de Janeiro 3: 24, footnote (-25; t. 2d). 1922 ",Arch. Jard. Bot. Rio de Janeiro,1922,"Pará (Brazil, Southern America)",60449805-2,NA,"An alternative name to Brosimum lanciferum Ducke (1922). The LT. information is from Berg, Fl. Neotrop. Monogr. 7: 190. 1972.",www.ipni.org/n/60449805-2,tax_nov,IPNI,NA
Pseudolmedia brosimifolia,Moraceae,Pseudolmedia,brosimifolia,spec.,"Arq. Serv. Florest. 1: 8, tab. 4, fig. a-d. 1939 ",Arq. Serv. Florest.,1939,"Fonteboa, Amazonas (Brazil, Southern America)",211402-2,NA,"The LT. information is from Berg, Fl. Neotrop. Monogr. 7: 29. 1972.",www.ipni.org/n/211402-2,tax_nov,IPNI,NA
Pseudolmedia hirtula,Moraceae,Pseudolmedia,hirtula,spec.,"Anais Reunião Sul-Amer. Bot. 3: 76, tab. 2. 1940 ",Anais Reunião Sul-Amer. Bot.,1940,"Rio de Janeiro (Brazil, Southern America)",211407-2,NA,"The LT. information is from Berg, Fl. Neotrop. Monogr. 7: 23-24. 1972.",www.ipni.org/n/211407-2,tax_nov,IPNI,NA
Pseudolmedia krukovii,Moraceae,Pseudolmedia,krukovii,spec.,"Publ. Field Mus. Nat. Hist., Bot. Ser. 17: 186. 1937 ","Publ. Field Mus. Nat. Hist., Bot. Ser.",1937,"Amazonas (Brazil, Southern America)",211410-2,http://www.biodiversitylibrary.org/openurl?ctx_ver=Z39.88-2004&rft.date=1937&rft.spage=186&rft.volume=17&rft_id=http://www.biodiversitylibrary.org/bibliography/42246&rft_val_fmt=info:ofi/fmt:kev:mtx:book&url_ver=z39.88-2004,NA,www.ipni.org/n/211410-2,tax_nov,IPNI,NA
Pseudolmedia murure,Moraceae,Pseudolmedia,murure,spec.,"Publ. Field Mus. Nat. Hist., Bot. Ser. 17: 186. 1937 ","Publ. Field Mus. Nat. Hist., Bot. Ser.",1937,"Maranhao (Brazil, Southern America)",211416-2,http://www.biodiversitylibrary.org/openurl?ctx_ver=Z39.88-2004&rft.date=1937&rft.spage=186&rft.volume=17&rft_id=http://www.biodiversitylibrary.org/bibliography/42246&rft_val_fmt=info:ofi/fmt:kev:mtx:book&url_ver=z39.88-2004,NA,www.ipni.org/n/211416-2,tax_nov,IPNI,NA
Pseudosorocea uaupensis,Moraceae,Pseudosorocea,uaupensis,spec.,Adansonia 11(10): 297. 1875 [8 Apr 1875] ,Adansonia,1875,Brazil (Southern America),283907-2,http://www.biodiversitylibrary.org/openurl?ctx_ver=Z39.88-2004&rft.date=1875&rft.issue=10&rft.spage=297&rft.volume=11&rft_id=http://www.biodiversitylibrary.org/bibliography/600&rft_val_fmt=info:ofi/fmt:kev:mtx:book&url_ver=z39.88-2004,NA,www.ipni.org/n/283907-2,tax_nov,IPNI,NA
Sahagunia racemifera,Moraceae,Sahagunia,racemifera,spec.,Bol. Mus. Goeldi Hist. Nat. Ethnogr. 5: 334. 1909 ,Bol. Mus. Goeldi Hist. Nat. Ethnogr.,1909,Brazil (Southern America),225412-2,NA,NA,www.ipni.org/n/225412-2,tax_nov,IPNI,NA
Sorocea angustifolia,Moraceae,Sorocea,angustifolia,spec.,Novon 24(2): 199. 2015 [22 Sep 2015] ,Novon,2015,"Rio de Janeiro (Brazil Southeast, Brazil, Southern America)",60471653-2,http://www.biodiversitylibrary.org/openurl?ctx_ver=Z39.88-2004&rft.date=2015&rft.issue=2&rft.spage=199&rft.volume=24&rft_id=http://www.biodiversitylibrary.org/bibliography/744&rft_val_fmt=info:ofi/fmt:kev:mtx:book&url_ver=z39.88-2004,doi:10.3417/2013022,www.ipni.org/n/60471653-2,tax_nov,IPNI,https://doi.org/10.3417/2013022
Sorocea carautana,Moraceae,Sorocea,carautana,spec.,Novon 19(4): 549 (-551; fig. 1). 2009 [10 Dec 2009] ,Novon,2009,"Rio de Janeiro (Brazil Southeast, Brazil, Southern America)",77105650-1,http://www.biodiversitylibrary.org/openurl?ctx_ver=Z39.88-2004&rft_id=http://www.biodiversitylibrary.org/page/40330796&rft_val_fmt=info:ofi/fmt:kev:mtx:book&url_ver=z39.88-2004,NA,www.ipni.org/n/77105650-1,tax_nov,IPNI,NA
Sorocea castaneifolia,Moraceae,Sorocea,castaneifolia,spec.,Bol. Mus. Goeldi Hist. Nat. Ethnogr. 5: 333. 1909 ,Bol. Mus. Goeldi Hist. Nat. Ethnogr.,1909,"Obidos, Pará (Brazil, Southern America)",240949-2,NA,"The LT. information is from Berg, Fl. Ecuador 60: 37. 1998.",www.ipni.org/n/240949-2,tax_nov,IPNI,NA
Sorocea dentata,Moraceae,Sorocea,dentata,spec.,Bol. Mus. Goeldi Hist. Nat. Ethnogr. 5: 333. 1909 ,Bol. Mus. Goeldi Hist. Nat. Ethnogr.,1909,Brazil (Southern America),240952-2,NA,NA,www.ipni.org/n/240952-2,tax_nov,IPNI,NA
Sorocea grandifolia,Moraceae,Sorocea,grandifolia,spec.,"Trans. Linn. Soc. London, Bot. ser. 2, 4: 476. 1895 ","Trans. Linn. Soc. London, Bot.",1895,Brazil (Southern America),240954-2,NA,NA,www.ipni.org/n/240954-2,tax_nov,IPNI,NA
Sorocea guayanensis,Moraceae,Sorocea,guayanensis,spec.,"Acta Bot. Neerl. 11: 439, tab. 2, fig. 1. 1962 ",Acta Bot. Neerl.,1962,"British Guiana, Surinam, Venezuela &amp; Brazil",240956-2,NA,NA,www.ipni.org/n/240956-2,tax_nov,IPNI,NA
Sorocea jureiana,Moraceae,Sorocea,jureiana,spec.,"Albertoa 4: 98, fig. 1996 ",Albertoa,1996,"Peruibe: Estacao Ecologica da Jureia, Sao Paulo (Brazil, Southern America)",305909-2,NA,NA,www.ipni.org/n/305909-2,tax_nov,IPNI,NA
Sorocea longipedicellata,Moraceae,Sorocea,longipedicellata,spec.,Syst. Bot. 38(3): 687. 2013 [24 Sep 2013] ,Syst. Bot.,2013,"Bahia (Brazil Northeast, Brazil, Southern America)",77136104-1,NA,doi:10.1600/036364413X670340,www.ipni.org/n/77136104-1,tax_nov,IPNI,https://doi.org/10.1600/036364413X670340
Sorocea muriculata,Moraceae,Sorocea,muriculata,spec.,Fl. Bras. (Martius) 4(1): 113. 1853 [1 Dec 1853] ,Fl. Bras. (Martius),1853,"Tefe, Amazonas (Brazil, Southern America)",316993-2,http://www.biodiversitylibrary.org/openurl?ctx_ver=Z39.88-2004&rft.date=1853&rft.issue=1&rft.spage=113&rft.volume=4&rft_id=http://www.biodiversitylibrary.org/bibliography/454&rft_val_fmt=info:ofi/fmt:kev:mtx:book&url_ver=z39.88-2004,"[Gandhi 28 Dec 1998] The LT. information is from Berg, Fl. Ecuador 60: 38. 1998.",www.ipni.org/n/316993-2,tax_nov,IPNI,NA
Trymatococcus guanabarinus,Moraceae,Trymatococcus,guanabarinus,spec.,"Rodriguésia 23-24: [55], fig. 1. 1964 ",Rodriguésia,1964,"Guanabara, Rio de Janeiro (Brazil, Southern America)",258411-2,NA,NA,www.ipni.org/n/258411-2,tax_nov,IPNI,NA
Trymatococcus paraensis,Moraceae,Trymatococcus,paraensis,spec.,Arch. Jard. Bot. Rio de Janeiro 3: 22. 1922 ,Arch. Jard. Bot. Rio de Janeiro,1922,Brazil (Southern America),260276-2,NA,NA,www.ipni.org/n/260276-2,tax_nov,IPNI,NA
Urostigma paraense,Moraceae,Urostigma,paraense,spec.,London J. Bot. 6: 534. 1847 ,London J. Bot.,1847,"Pará (Brazil, Southern America)",301143-2,http://www.biodiversitylibrary.org/openurl?ctx_ver=Z39.88-2004&rft.date=1847&rft.spage=534&rft.volume=6&rft_id=http://www.biodiversitylibrary.org/bibliography/235&rft_val_fmt=info:ofi/fmt:kev:mtx:book&url_ver=z39.88-2004,NA,www.ipni.org/n/301143-2,tax_nov,IPNI,NA
